method,n,p,time
'conv',10,0.5,0.0003695487976074219
'inv',10,0.5,0.001001119613647461
'exp',10,0.5,0.0011289119720458984
'conv',100,0.01,0.00026988983154296875
'inv',100,0.01,0.008756399154663086
'exp',100,0.01,0.00042557716369628906
'conv',1000000,1e-05,0.0002658367156982422
'inv',1000000,1e-05,90.95638298988342
'exp',1000000,1e-05,0.0019207000732421875
